{"bug:0":{"optimistic":0.46602380952380934,"pessimistic":0.6001895667989415},"chore:0":{"optimistic":0.06454721290082029,"pessimistic":0.14591909023117078},"feature:0":{"optimistic":0.9943908030626784,"pessimistic":1.4695405982905978},"feature:1":{"optimistic":1.586842936686686,"pessimistic":2.0381220282782775},"feature:2":{"optimistic":2.896471734892788,"pessimistic":4.3882078460038985},"feature:3":{"optimistic":7.280231481481483,"pessimistic":17.97508101851852},"feature:5":{"optimistic":7.196747685185184,"pessimistic":7.196747685185184}}
