{"bug:0":{"optimistic":0.0960300925925926,"pessimistic":1.04734375,"median":0.5034490740740741},"chore:0":{"optimistic":0.0001388888888888889,"pessimistic":0.7156828703703703,"median":0.015127314814814816},"feature:0":{"optimistic":0.4580902777777778,"pessimistic":2.678900462962963,"median":1.0358217592592593},"feature:1":{"optimistic":0.7581134259259259,"pessimistic":3.4580381944444447,"median":1.6020833333333335},"feature:2":{"optimistic":1.204212962962963,"pessimistic":6.071574074074074,"median":3.928402777777778},"feature:3":{"optimistic":7.280231481481482,"pessimistic":17.97508101851852,"median":17.97508101851852},"feature:5":{"optimistic":7.196747685185184,"pessimistic":7.196747685185184,"median":7.196747685185184}}
