{"bug:0":{"optimistic":0.30516203703703704,"pessimistic":0.5558912037037037,"median":0.30516203703703704},"chore:0":{"optimistic":9.259259259259259e-05,"pessimistic":0.1620601851851852,"median":0.08814814814814814},"feature:0":{"optimistic":2.112766203703704,"pessimistic":3.1779861111111107,"median":3.1779861111111107},"feature:1":{"optimistic":1.8149537037037036,"pessimistic":4.307916666666666,"median":1.9174421296296298},"feature:2":{"optimistic":6.232094907407408,"pessimistic":9.198263888888889,"median":9.198263888888889}}
